row_type,epoch,batch,step,batch_loss,running_train_loss,running_train_acc,train_loss,train_acc,val_loss,val_acc,val_acc_A,val_acc_B,val_acc_C,val_acc_Five,val_acc_Point,val_acc_V
batch,1,1,1,1.7615082263946533,1.7615082263946533,0.234375,,,,,,,,,,
batch,1,2,2,1.5635424852371216,1.6625253558158875,0.28125,,,,,,,,,,
batch,1,3,3,1.4301671981811523,1.585072636604309,0.3177083333333333,,,,,,,,,,
batch,1,4,4,1.034698486328125,1.447479099035263,0.39453125,,,,,,,,,,
batch,1,5,5,0.714698314666748,1.30092294216156,0.475,,,,,,,,,,
batch,1,6,6,0.6261080503463745,1.1884537935256958,0.5338541666666666,,,,,,,,,,
batch,1,7,7,0.4511663019657135,1.083127009017127,0.5870535714285714,,,,,,,,,,
batch,1,8,8,0.33790284395217896,0.9899739883840084,0.623046875,,,,,,,,,,
batch,1,9,9,0.10748744755983353,0.8919199282924334,0.6631944444444444,,,,,,,,,,
batch,1,10,10,0.5472146272659302,0.857449398189783,0.68125,,,,,,,,,,
batch,1,11,11,0.28435859084129333,0.805350233885375,0.7002840909090909,,,,,,,,,,
batch,1,12,12,0.3211941719055176,0.7650038953870535,0.7161458333333334,,,,,,,,,,
batch,1,13,13,0.4549356698989868,0.741152493426433,0.7259615384615384,,,,,,,,,,
batch,1,14,14,0.2922958731651306,0.7090913062649113,0.7377232142857143,,,,,,,,,,
batch,1,15,15,0.2606493830680847,0.6791951780517896,0.7458333333333333,,,,,,,,,,
batch,1,16,16,0.14769265055656433,0.645976270083338,0.759765625,,,,,,,,,,
batch,1,17,17,0.17302337288856506,0.618155511424822,0.7720588235294118,,,,,,,,,,
batch,1,18,18,0.27527958154678345,0.5991068486538198,0.7795138888888888,,,,,,,,,,
batch,1,19,19,0.30137696862220764,0.5834368549679455,0.7861842105263158,,,,,,,,,,
batch,1,20,20,0.12013407051563263,0.5602717157453299,0.79609375,,,,,,,,,,
batch,1,21,21,0.22395403683185577,0.5442565881780216,0.8020833333333334,,,,,,,,,,
batch,1,22,22,0.04517415165901184,0.521571022881703,0.8103693181818182,,,,,,,,,,
batch,1,23,23,0.09007123112678528,0.5028101623706196,0.8179347826086957,,,,,,,,,,
batch,1,24,24,0.11868822574615479,0.4868050816779335,0.8235677083333334,,,,,,,,,,
batch,1,25,25,0.15660753846168518,0.4735971799492836,0.82875,,,,,,,,,,
batch,1,26,26,0.2742871046066284,0.46593140782071996,0.8335336538461539,,,,,,,,,,
batch,1,27,27,0.060982923954725266,0.4509333158256831,0.8385416666666666,,,,,,,,,,
batch,1,28,28,0.08867757022380829,0.43799561062561615,0.84375,,,,,,,,,,
batch,1,29,29,0.15544778108596802,0.4282525820208007,0.8475215517241379,,,,,,,,,,
batch,1,30,30,0.09010981023311615,0.4169811562945445,0.8520833333333333,,,,,,,,,,
batch,1,31,31,0.11728215217590332,0.40731344648426576,0.8553427419354839,,,,,,,,,,
batch,1,32,32,0.14569802582263947,0.39913796458858997,0.85791015625,,,,,,,,,,
batch,1,33,33,0.11795561015605927,0.3906172871815436,0.8612689393939394,,,,,,,,,,
batch,1,34,34,0.13555940985679626,0.3831155849072863,0.8635110294117647,,,,,,,,,,
batch,1,35,35,0.12020011246204376,0.37560371426599365,0.8651785714285715,,,,,,,,,,
batch,1,36,36,0.09184864908456802,0.3677216291220652,0.8680555555555556,,,,,,,,,,
batch,1,37,37,0.09178724884986877,0.3602639431687626,0.8703547297297297,,,,,,,,,,
batch,1,38,38,0.093528613448143,0.353244592386641,0.8729440789473685,,,,,,,,,,
batch,1,39,39,0.11543568223714828,0.3471469280238335,0.8754006410256411,,,,,,,,,,
batch,1,40,40,0.14743490517139435,0.3421541274525225,0.876953125,,,,,,,,,,
batch,1,41,41,0.16367383301258087,0.3378009495393532,0.8784298780487805,,,,,,,,,,
batch,1,42,42,0.02310369908809662,0.33030815786194234,0.8813244047619048,,,,,,,,,,
batch,1,43,43,0.11138368397951126,0.3252168910274672,0.8833575581395349,,,,,,,,,,
batch,1,44,44,0.29334670305252075,0.3244925685734911,0.8842329545454546,,,,,,,,,,
batch,1,45,45,0.11265799403190613,0.31978513358367816,0.8861111111111111,,,,,,,,,,
batch,1,46,46,0.08169020712375641,0.31460915692150593,0.8879076086956522,,,,,,,,,,
batch,1,47,47,0.13223320245742798,0.3107288174648234,0.8892952127659575,,,,,,,,,,
batch,1,48,48,0.10144578665494919,0.306368754322951,0.8909505208333334,,,,,,,,,,
batch,1,49,49,0.16178014874458313,0.30341796645400476,0.892219387755102,,,,,,,,,,
batch,1,50,50,0.09874417632818222,0.2993244906514883,0.8934375,,,,,,,,,,
batch,1,51,51,0.26320895552635193,0.2986163429039366,0.8939950980392157,,,,,,,,,,
batch,1,52,52,0.08457621932029724,0.29450018668117434,0.8954326923076923,,,,,,,,,,
batch,1,53,53,0.12104392051696777,0.29122742694222703,0.8968160377358491,,,,,,,,,,
batch,1,54,54,0.22511526942253113,0.2900031277288993,0.8969907407407407,,,,,,,,,,
batch,1,55,55,0.09289222210645676,0.28641929308121855,0.8982954545454546,,,,,,,,,,
batch,1,56,56,0.0746900737285614,0.2826384141642068,0.8998325892857143,,,,,,,,,,
batch,1,57,57,0.15391723811626434,0.2803801479177517,0.9010416666666666,,,,,,,,,,
batch,1,58,58,0.10463260859251022,0.27735001792938546,0.9022090517241379,,,,,,,,,,
batch,1,59,59,0.1347106397151947,0.27493240134948393,0.9028072033898306,,,,,,,,,,
batch,1,60,60,0.3160524070262909,0.2756177347774307,0.9028645833333333,,,,,,,,,,
batch,1,61,61,0.17799463868141174,0.2740173561529058,0.9036885245901639,,,,,,,,,,
batch,1,62,62,0.0944662094116211,0.27112136991514313,0.9042338709677419,,,,,,,,,,
batch,1,63,63,0.037982452660799026,0.2674207521809472,0.9057539682539683,,,,,,,,,,
batch,1,64,64,0.15961940586566925,0.26734060248108454,0.9058240396530359,,,,,,,,,,
epoch,1,,64,,,,0.26734060248108454,0.9058240396530359,3.53000555512917,0.7402985074626866,0.8679245283018868,0.8316831683168316,0.4666666666666667,0.1347517730496454,0.9388489208633094,0.94
batch,2,1,65,0.1245967447757721,0.1245967447757721,0.953125,,,,,,,,,,
batch,2,2,66,0.10620670020580292,0.1154017224907875,0.953125,,,,,,,,,,
batch,2,3,67,0.26089367270469666,0.16389903922875723,0.9375,,,,,,,,,,
batch,2,4,68,0.1521376371383667,0.1609586887061596,0.9453125,,,,,,,,,,
batch,2,5,69,0.06745964288711548,0.14225887954235078,0.953125,,,,,,,,,,
batch,2,6,70,0.18393664062023163,0.1492051730553309,0.953125,,,,,,,,,,
batch,2,7,71,0.08125083148479462,0.13949740997382573,0.9575892857142857,,,,,,,,,,
batch,2,8,72,0.08048278093338013,0.13212058134377003,0.9609375,,,,,,,,,,
batch,2,9,73,0.02966221049427986,0.1207363179160489,0.9635416666666666,,,,,,,,,,
batch,2,10,74,0.13740448653697968,0.12240313477814198,0.9640625,,,,,,,,,,
batch,2,11,75,0.0745992362499237,0.11805732582103122,0.9659090909090909,,,,,,,,,,
batch,2,12,76,0.08505766093730927,0.11530735374738772,0.9661458333333334,,,,,,,,,,
batch,2,13,77,0.057594336569309235,0.11086789088753554,0.9675480769230769,,,,,,,,,,
batch,2,14,78,0.13875144720077515,0.11285957348133836,0.9676339285714286,,,,,,,,,,
batch,2,15,79,0.03734946623444557,0.10782556633154551,0.96875,,,,,,,,,,
batch,2,16,80,0.03389252722263336,0.1032047513872385,0.9697265625,,,,,,,,,,
batch,2,17,81,0.020167550072073936,0.09832021013340529,0.9715073529411765,,,,,,,,,,
batch,2,18,82,0.04942729324102402,0.09560393697271745,0.9722222222222222,,,,,,,,,,
batch,2,19,83,0.008454777300357819,0.09101713909522484,0.9736842105263158,,,,,,,,,,
batch,2,20,84,0.15208323299884796,0.094070443790406,0.97421875,,,,,,,,,,
batch,2,21,85,0.09814195334911346,0.09426432519796349,0.9739583333333334,,,,,,,,,,
batch,2,22,86,0.16816163063049316,0.09762329362671483,0.9744318181818182,,,,,,,,,,
batch,2,23,87,0.12093212455511093,0.09863672105838424,0.9741847826086957,,,,,,,,,,
batch,2,24,88,0.01265568844974041,0.09505417803302407,0.9752604166666666,,,,,,,,,,
batch,2,25,89,0.27953028678894043,0.10243322238326073,0.974375,,,,,,,,,,
batch,2,26,90,0.05141951143741608,0.10047115657765132,0.9747596153846154,,,,,,,,,,
batch,2,27,91,0.04419023543596268,0.09838667801684803,0.9751157407407407,,,,,,,,,,
batch,2,28,92,0.08529601246118546,0.09791915424700294,0.9754464285714286,,,,,,,,,,
batch,2,29,93,0.032652273774147034,0.09566857216173205,0.9757543103448276,,,,,,,,,,
batch,2,30,94,0.054069697856903076,0.09428194301823775,0.9760416666666667,,,,,,,,,,
batch,2,31,95,0.05502859503030777,0.09301570598636905,0.9763104838709677,,,,,,,,,,
batch,2,32,96,0.012408195063471794,0.0904967212700285,0.97705078125,,,,,,,,,,
batch,2,33,97,0.011200927197933197,0.08809381841935894,0.9777462121212122,,,,,,,,,,
batch,2,34,98,0.07905571907758713,0.08782799196813036,0.9774816176470589,,,,,,,,,,
batch,2,35,99,0.09400290250778198,0.08800441798354898,0.9772321428571429,,,,,,,,,,
batch,2,36,100,0.15172839164733887,0.0897745283630987,0.9761284722222222,,,,,,,,,,
batch,2,37,101,0.059821438044309616,0.0889649853815098,0.9759290540540541,,,,,,,,,,
batch,2,38,102,0.007865073159337044,0.08683077716513683,0.9765625,,,,,,,,,,
batch,2,39,103,0.013767468743026257,0.08495735900046733,0.9771634615384616,,,,,,,,,,
batch,2,40,104,0.0034841843880712986,0.08292052963515743,0.977734375,,,,,,,,,,
batch,2,41,105,0.020476017147302628,0.08139749274520976,0.9782774390243902,,,,,,,,,,
batch,2,42,106,0.04583796113729477,0.0805508372307356,0.9784226190476191,,,,,,,,,,
batch,2,43,107,0.13207682967185974,0.08174911612471522,0.9781976744186046,,,,,,,,,,
batch,2,44,108,0.06296255439519882,0.08132214881268075,0.9776278409090909,,,,,,,,,,
batch,2,45,109,0.42410439252853394,0.08893953200636638,0.9756944444444444,,,,,,,,,,
batch,2,46,110,0.038603827357292175,0.08784527755747347,0.9758831521739131,,,,,,,,,,
batch,2,47,111,0.007732248865067959,0.08614074503210314,0.9763962765957447,,,,,,,,,,
batch,2,48,112,0.017321253195405006,0.0847070056188386,0.9768880208333334,,,,,,,,,,
batch,2,49,113,0.04008302465081215,0.0837963121296952,0.9773596938775511,,,,,,,,,,
batch,2,50,114,0.1475067436695099,0.08507052076049149,0.97625,,,,,,,,,,
batch,2,51,115,0.05177214741706848,0.08441761147924791,0.9764093137254902,,,,,,,,,,
batch,2,52,116,0.07430484145879745,0.08422313513270077,0.9762620192307693,,,,,,,,,,
batch,2,53,117,0.10320347547531128,0.08458125476180664,0.9764150943396226,,,,,,,,,,
batch,2,54,118,0.11768090724945068,0.0851942112893556,0.9762731481481481,,,,,,,,,,
batch,2,55,119,0.27010446786880493,0.0885562159544365,0.9758522727272727,,,,,,,,,,
batch,2,56,120,0.26605117321014404,0.09172576876257413,0.9754464285714286,,,,,,,,,,
batch,2,57,121,0.06807700544595718,0.09131087817807208,0.975328947368421,,,,,,,,,,
batch,2,58,122,0.10050265491008759,0.09146935708724477,0.9752155172413793,,,,,,,,,,
batch,2,59,123,0.2676644027233124,0.09445571379294082,0.9745762711864406,,,,,,,,,,
batch,2,60,124,0.07378518581390381,0.0941112049932902,0.9747395833333333,,,,,,,,,,
batch,2,61,125,0.050356872379779816,0.09339392085208512,0.9748975409836066,,,,,,,,,,
batch,2,62,126,0.1045304536819458,0.09357354234934094,0.9747983870967742,,,,,,,,,,
batch,2,63,127,0.03685943782329559,0.09267331846797514,0.9749503968253969,,,,,,,,,,
batch,2,64,128,0.0719139575958252,0.09265788399892522,0.9749690210656753,,,,,,,,,,
epoch,2,,128,,,,0.09265788399892522,0.9749690210656753,0.16237048732848902,0.9472636815920398,1.0,0.9405940594059405,0.9416666666666667,0.9929078014184397,0.9244604316546763,0.82
batch,3,1,129,0.06170310452580452,0.06170310452580452,0.96875,,,,,,,,,,
batch,3,2,130,0.1837710440158844,0.12273707427084446,0.96875,,,,,,,,,,
batch,3,3,131,0.15055915713310242,0.13201110189159712,0.9635416666666666,,,,,,,,,,
batch,3,4,132,0.13623368740081787,0.1330667482689023,0.9609375,,,,,,,,,,
batch,3,5,133,0.013347319327294827,0.10912286248058081,0.96875,,,,,,,,,,
batch,3,6,134,0.059611059725284576,0.1008708953546981,0.9739583333333334,,,,,,,,,,
batch,3,7,135,0.5655436515808105,0.16725271767271416,0.9732142857142857,,,,,,,,,,
batch,3,8,136,0.03493019565939903,0.15071240242104977,0.9765625,,,,,,,,,,
batch,3,9,137,0.012796658091247082,0.13538843082884947,0.9791666666666666,,,,,,,,,,
batch,3,10,138,0.12605713307857513,0.13445530105382203,0.978125,,,,,,,,,,
batch,3,11,139,0.0610371008515358,0.12778091921725057,0.9801136363636364,,,,,,,,,,
batch,3,12,140,0.04684638977050781,0.12103637509668867,0.98046875,,,,,,,,,,
batch,3,13,141,0.057284027338027954,0.11613234834602246,0.9807692307692307,,,,,,,,,,
batch,3,14,142,0.0222846120595932,0.10942893861127752,0.9821428571428571,,,,,,,,,,
batch,3,15,143,0.07010642439126968,0.106807437663277,0.9802083333333333,,,,,,,,,,
batch,3,16,144,0.03657832741737366,0.10241811827290803,0.98046875,,,,,,,,,,
batch,3,17,145,0.062010183930397034,0.10004118095864267,0.9806985294117647,,,,,,,,,,
batch,3,18,146,0.07495422661304474,0.09864746127277613,0.9800347222222222,,,,,,,,,,
batch,3,19,147,0.022812245413661003,0.09465613412229638,0.9810855263157895,,,,,,,,,,
batch,3,20,148,0.02186967432498932,0.09101681113243103,0.98125,,,,,,,,,,
batch,3,21,149,0.011041988618671894,0.08720848625082345,0.9821428571428571,,,,,,,,,,
batch,3,22,150,0.03718467056751251,0.08493467644703659,0.9822443181818182,,,,,,,,,,
batch,3,23,151,0.005697493441402912,0.08148958153374818,0.983016304347826,,,,,,,,,,
batch,3,24,152,0.040627069771289825,0.07978697687697907,0.982421875,,,,,,,,,,
batch,3,25,153,0.04759850353002548,0.07849943794310094,0.9825,,,,,,,,,,
batch,3,26,154,0.009229595772922039,0.0758352132442479,0.9831730769230769,,,,,,,,,,
batch,3,27,155,0.002554197097197175,0.07312110153509786,0.9837962962962963,,,,,,,,,,
batch,3,28,156,0.13590261340141296,0.07536329838746626,0.9832589285714286,,,,,,,,,,
batch,3,29,157,0.012456045486032963,0.07319408277017546,0.9838362068965517,,,,,,,,,,
batch,3,30,158,0.0752313956618309,0.0732619931998973,0.9833333333333333,,,,,,,,,,
batch,3,31,159,0.06686066836118698,0.0730554988502615,0.9828629032258065,,,,,,,,,,
batch,3,32,160,0.03696448355913162,0.07192765462241368,0.9833984375,,,,,,,,,,
batch,3,33,161,0.028957979753613472,0.07062554326275307,0.9834280303030303,,,,,,,,,,
batch,3,34,162,0.025218717753887177,0.06929004839484525,0.9834558823529411,,,,,,,,,,
batch,3,35,163,0.0023666529450565577,0.06737795138199415,0.9839285714285714,,,,,,,,,,
batch,3,36,164,0.03560385853052139,0.06649533769167545,0.9839409722222222,,,,,,,,,,
batch,3,37,165,0.033793430775403976,0.06561150236961406,0.984375,,,,,,,,,,
batch,3,38,166,0.055267199873924255,0.06533928388288539,0.984375,,,,,,,,,,
batch,3,39,167,0.21120372414588928,0.06907939773578292,0.9839743589743589,,,,,,,,,,
batch,3,40,168,0.06180049851536751,0.06889742525527254,0.983984375,,,,,,,,,,
batch,3,41,169,0.01830488257110119,0.06766346079956104,0.9839939024390244,,,,,,,,,,
batch,3,42,170,0.01101467665284872,0.06631468022463932,0.984375,,,,,,,,,,
batch,3,43,171,0.02210560068488121,0.06528656209580773,0.984375,,,,,,,,,,
batch,3,44,172,0.034914400428533554,0.06459628569427878,0.9847301136363636,,,,,,,,,,
batch,3,45,173,0.0016344767063856125,0.0631971343834367,0.9850694444444444,,,,,,,,,,
batch,3,46,174,0.01824219897389412,0.062219853178881436,0.9853940217391305,,,,,,,,,,
batch,3,47,175,0.02691642940044403,0.061468716502744464,0.9853723404255319,,,,,,,,,,
batch,3,48,176,0.013681748881936073,0.06047315467731096,0.9856770833333334,,,,,,,,,,
batch,3,49,177,0.03394249454140663,0.059931712633721074,0.9856505102040817,,,,,,,,,,
batch,3,50,178,0.002535813022404909,0.058783794641494753,0.9859375,,,,,,,,,,
batch,3,51,179,0.0015580249018967152,0.05766172072503204,0.9862132352941176,,,,,,,,,,
batch,3,52,180,0.005863015539944172,0.05666559177916497,0.9864783653846154,,,,,,,,,,
batch,3,53,181,0.004576878622174263,0.055682785870542505,0.9867334905660378,,,,,,,,,,
batch,3,54,182,0.012033582665026188,0.05487446729266257,0.9869791666666666,,,,,,,,,,
batch,3,55,183,0.01108151488006115,0.054078231794251634,0.9872159090909091,,,,,,,,,,
batch,3,56,184,0.020510077476501465,0.05347880046714896,0.9871651785714286,,,,,,,,,,
batch,3,57,185,0.09546633809804916,0.05421542393435773,0.9868421052631579,,,,,,,,,,
batch,3,58,186,0.0044799684546887875,0.05335791608125999,0.9870689655172413,,,,,,,,,,
batch,3,59,187,0.002223166637122631,0.05249122541271529,0.9872881355932204,,,,,,,,,,
batch,3,60,188,0.009610511362552643,0.05177654684521258,0.9875,,,,,,,,,,
batch,3,61,189,0.003939575515687466,0.05099233420046627,0.9877049180327869,,,,,,,,,,
batch,3,62,190,0.006594616919755936,0.05027624198626126,0.9879032258064516,,,,,,,,,,
batch,3,63,191,0.010413048788905144,0.04964349288789053,0.9880952380952381,,,,,,,,,,
batch,3,64,192,1.1518195867538452,0.05046295466771652,0.9878562577447336,,,,,,,,,,
epoch,3,,192,,,,0.05046295466771652,0.9878562577447336,0.10399574202981161,0.9522388059701492,0.9849056603773585,1.0,1.0,1.0,0.841726618705036,1.0
batch,4,1,193,0.12187643349170685,0.12187643349170685,0.953125,,,,,,,,,,
batch,4,2,194,0.2144397795200348,0.16815810650587082,0.9375,,,,,,,,,,
batch,4,3,195,0.2308817058801651,0.1890659729639689,0.9270833333333334,,,,,,,,,,
batch,4,4,196,0.2916658818721771,0.21471595019102097,0.92578125,,,,,,,,,,
batch,4,5,197,0.12035439163446426,0.19584363847970962,0.93125,,,,,,,,,,
batch,4,6,198,0.11151034384965897,0.18178808937470117,0.9375,,,,,,,,,,
batch,4,7,199,0.09790956974029541,0.16980544371264322,0.9419642857142857,,,,,,,,,,
batch,4,8,200,0.09535141289234161,0.16049868986010551,0.947265625,,,,,,,,,,
batch,4,9,201,0.018747974187135696,0.14474861034088665,0.953125,,,,,,,,,,
batch,4,10,202,0.13255588710308075,0.14352933801710605,0.953125,,,,,,,,,,
batch,4,11,203,0.09196107089519501,0.13884131373329597,0.9545454545454546,,,,,,,,,,
batch,4,12,204,0.0462651327252388,0.13112663198262453,0.9583333333333334,,,,,,,,,,
batch,4,13,205,0.056403689086437225,0.12537871329830244,0.9603365384615384,,,,,,,,,,
batch,4,14,206,0.0703389123082161,0.12144729894186769,0.9620535714285714,,,,,,,,,,
batch,4,15,207,0.10068872570991516,0.12006339405973752,0.9625,,,,,,,,,,
batch,4,16,208,0.027342159301042557,0.11426831688731909,0.9638671875,,,,,,,,,,
batch,4,17,209,0.0158104058355093,0.10847667506074204,0.9659926470588235,,,,,,,,,,
batch,4,18,210,0.04734579473733902,0.10508051504277521,0.9670138888888888,,,,,,,,,,
batch,4,19,211,0.00320653198286891,0.09971872646067488,0.96875,,,,,,,,,,
batch,4,20,212,0.0258658304810524,0.09602608166169375,0.9703125,,,,,,,,,,
batch,4,21,213,0.03903256729245186,0.09331210478696794,0.9709821428571429,,,,,,,,,,
batch,4,22,214,0.025344397872686386,0.09022266356359152,0.9723011363636364,,,,,,,,,,
batch,4,23,215,0.004048003815114498,0.0864759392267012,0.9735054347826086,,,,,,,,,,
batch,4,24,216,0.009505519643425941,0.0832688384107314,0.974609375,,,,,,,,,,
batch,4,25,217,0.015908870846033096,0.08057443970814347,0.975625,,,,,,,,,,
batch,4,26,218,0.0061637032777071,0.07771248830697285,0.9765625,,,,,,,,,,
batch,4,27,219,0.021274695172905922,0.07562219967237777,0.9768518518518519,,,,,,,,,,
batch,4,28,220,0.08270198106765747,0.07587504900792348,0.9760044642857143,,,,,,,,,,
batch,4,29,221,0.05806855857372284,0.07526103209639931,0.9757543103448276,,,,,,,,,,
batch,4,30,222,0.003933486994355917,0.07288344725966453,0.9765625,,,,,,,,,,
batch,4,31,223,0.005113063380122185,0.07069730584419542,0.9773185483870968,,,,,,,,,,
batch,4,32,224,0.006374321412295103,0.06868721258069854,0.97802734375,,,,,,,,,,
batch,4,33,225,0.012122293934226036,0.06697312413686604,0.9786931818181818,,,,,,,,,,
batch,4,34,226,0.0038158327806741,0.06511555674403686,0.9793198529411765,,,,,,,,,,
batch,4,35,227,0.007591563276946545,0.06347201407354858,0.9799107142857143,,,,,,,,,,
batch,4,36,228,0.04436293989419937,0.06294120645745555,0.9800347222222222,,,,,,,,,,
batch,4,37,229,0.004942368716001511,0.06137367030228111,0.9805743243243243,,,,,,,,,,
batch,4,38,230,0.025794144719839096,0.06043736699748,0.9810855263157895,,,,,,,,,,
batch,4,39,231,0.013978496193885803,0.05924611389995194,0.9815705128205128,,,,,,,,,,
batch,4,40,232,0.008850262500345707,0.05798621761496179,0.98203125,,,,,,,,,,
batch,4,41,233,0.029588203877210617,0.057293583133553226,0.9820884146341463,,,,,,,,,,
batch,4,42,234,0.0014303934294730425,0.05596350718821798,0.9825148809523809,,,,,,,,,,
batch,4,43,235,0.011277825571596622,0.054924305290157016,0.982921511627907,,,,,,,,,,
batch,4,44,236,0.2586195170879364,0.05955374192192473,0.9829545454545454,,,,,,,,,,
batch,4,45,237,0.0044372957199811935,0.05832893200632599,0.9833333333333333,,,,,,,,,,
batch,4,46,238,0.013887068256735802,0.05736280453350881,0.9836956521739131,,,,,,,,,,
batch,4,47,239,0.0022489193361252546,0.05619016867824533,0.9840425531914894,,,,,,,,,,
batch,4,48,240,0.0036765835247933865,0.05509613565421508,0.984375,,,,,,,,,,
batch,4,49,241,0.029381783679127693,0.05457135296084595,0.984375,,,,,,,,,,
batch,4,50,242,0.0004194030771031976,0.053488313963171094,0.9846875,,,,,,,,,,
batch,4,51,243,0.03331667184829712,0.0530927915687618,0.9846813725490197,,,,,,,,,,
batch,4,52,244,0.025828290730714798,0.05256847424495321,0.9849759615384616,,,,,,,,,,
batch,4,53,245,0.002572521334514022,0.0516251543787185,0.9852594339622641,,,,,,,,,,
batch,4,54,246,0.04329211264848709,0.051470838791121624,0.9852430555555556,,,,,,,,,,
batch,4,55,247,0.0016035549342632294,0.05056416090281511,0.9855113636363636,,,,,,,,,,
batch,4,56,248,0.022032346576452255,0.05005466421841577,0.9854910714285714,,,,,,,,,,
batch,4,57,249,0.0022509428672492504,0.04921600244032513,0.9857456140350878,,,,,,,,,,
batch,4,58,250,0.028046540915966034,0.048851011724387904,0.9857219827586207,,,,,,,,,,
batch,4,59,251,0.055267512798309326,0.0489597659798781,0.9856991525423728,,,,,,,,,,
batch,4,60,252,0.011413970030844212,0.04833400271406087,0.9859375,,,,,,,,,,
batch,4,61,253,0.008704832755029202,0.047684344190142315,0.9861680327868853,,,,,,,,,,
batch,4,62,254,0.001645350712351501,0.046941779779210206,0.9863911290322581,,,,,,,,,,
batch,4,63,255,0.0878085121512413,0.04759045807082975,0.9861111111111112,,,,,,,,,,
batch,4,64,256,0.13785122334957123,0.047657566446501674,0.9861214374225526,,,,,,,,,,
epoch,4,,256,,,,0.047657566446501674,0.9861214374225526,0.01815845334403731,0.991044776119403,0.9924528301886792,0.9900990099009901,0.9833333333333333,0.9929078014184397,0.9928057553956835,0.99
batch,5,1,257,0.054120421409606934,0.054120421409606934,0.984375,,,,,,,,,,
batch,5,2,258,0.011209914460778236,0.032665167935192585,0.9921875,,,,,,,,,,
batch,5,3,259,0.02771659567952156,0.03101564384996891,0.9947916666666666,,,,,,,,,,
batch,5,4,260,0.04539671540260315,0.03461091173812747,0.9921875,,,,,,,,,,
batch,5,5,261,0.03649020195007324,0.034986769780516624,0.990625,,,,,,,,,,
batch,5,6,262,0.031511805951595306,0.03440760914236307,0.9895833333333334,,,,,,,,,,
batch,5,7,263,0.006551722530275583,0.030428196769207716,0.9910714285714286,,,,,,,,,,
batch,5,8,264,0.09778820723295212,0.038848198077175766,0.990234375,,,,,,,,,,
batch,5,9,265,0.17779314517974854,0.05428652553301719,0.9861111111111112,,,,,,,,,,
batch,5,10,266,0.02138713374733925,0.05099658635444939,0.9859375,,,,,,,,,,
batch,5,11,267,0.01736372709274292,0.047939053694294256,0.9872159090909091,,,,,,,,,,
batch,5,12,268,0.020478175953030586,0.04565064721585562,0.98828125,,,,,,,,,,
batch,5,13,269,0.03161866217851639,0.044571263751444906,0.9879807692307693,,,,,,,,,,
batch,5,14,270,0.01082630455493927,0.042160909523123076,0.9888392857142857,,,,,,,,,,
batch,5,15,271,0.030069172382354736,0.04135479371373852,0.9885416666666667,,,,,,,,,,
batch,5,16,272,0.008940658532083035,0.03932891026488505,0.9892578125,,,,,,,,,,
batch,5,17,273,0.015253761783242226,0.03791272506008253,0.9898897058823529,,,,,,,,,,
batch,5,18,274,0.022549735382199287,0.03705922563353346,0.9895833333333334,,,,,,,,,,
batch,5,19,275,0.0026759502943605185,0.03524957956305068,0.9901315789473685,,,,,,,,,,
batch,5,20,276,0.15066511929035187,0.041020356549415736,0.98984375,,,,,,,,,,
batch,5,21,277,0.025614337995648384,0.040286736618283955,0.9895833333333334,,,,,,,,,,
batch,5,22,278,0.07111359387636185,0.041687957402742046,0.9886363636363636,,,,,,,,,,
batch,5,23,279,0.037247881293296814,0.04149491061537486,0.9884510869565217,,,,,,,,,,
batch,5,24,280,0.004257909953594208,0.039943368921134,0.9889322916666666,,,,,,,,,,
batch,5,25,281,0.0038674427196383476,0.038500331873074174,0.989375,,,,,,,,,,
batch,5,26,282,0.0009604564402252436,0.037056490510272294,0.9897836538461539,,,,,,,,,,
batch,5,27,283,0.0009400661801919341,0.03571884516471376,0.9901620370370371,,,,,,,,,,
batch,5,28,284,0.011154672130942345,0.03484155327065049,0.9905133928571429,,,,,,,,,,
batch,5,29,285,0.005056954454630613,0.033814498139063606,0.9908405172413793,,,,,,,,,,
batch,5,30,286,0.003181737381964922,0.03279340611382698,0.9911458333333333,,,,,,,,,,
batch,5,31,287,0.0047370330430567265,0.03188836182122149,0.9914314516129032,,,,,,,,,,
batch,5,32,288,0.0015202275244519114,0.03093935762444744,0.99169921875,,,,,,,,,,
batch,5,33,289,0.012447603978216648,0.030379001453349538,0.9919507575757576,,,,,,,,,,
batch,5,34,290,0.0015148395905271173,0.0295300555162077,0.9921875,,,,,,,,,,
batch,5,35,291,0.0017763834912329912,0.02873709345835128,0.9924107142857143,,,,,,,,,,
batch,5,36,292,0.010386554524302483,0.028227356265738815,0.9926215277777778,,,,,,,,,,
batch,5,37,293,0.007748426869511604,0.027673871687462402,0.9928209459459459,,,,,,,,,,
batch,5,38,294,0.0016563937533646822,0.026989201215512463,0.9930098684210527,,,,,,,,,,
batch,5,39,295,0.0006866064504720271,0.026314775708716553,0.9931891025641025,,,,,,,,,,
batch,5,40,296,0.004448552615940571,0.025768120131397156,0.993359375,,,,,,,,,,
batch,5,41,297,0.0017210080986842513,0.02518160520377001,0.9935213414634146,,,,,,,,,,
batch,5,42,298,0.014398500323295593,0.024924864611377762,0.9936755952380952,,,,,,,,,,
batch,5,43,299,0.0010192745830863714,0.024368920657231452,0.9938226744186046,,,,,,,,,,
batch,5,44,300,0.000637584482319653,0.023829572107801636,0.9939630681818182,,,,,,,,,,
batch,5,45,301,0.0030976352281868458,0.023368862399365753,0.9940972222222222,,,,,,,,,,
batch,5,46,302,0.0005225304048508406,0.022872203008180648,0.9942255434782609,,,,,,,,,,
batch,5,47,303,0.0023306533694267273,0.022435148760547585,0.9943484042553191,,,,,,,,,,
batch,5,48,304,0.0020016003400087357,0.022009449835119693,0.9944661458333334,,,,,,,,,,
batch,5,49,305,0.0007700691930949688,0.02157599308732327,0.9945790816326531,,,,,,,,,,
batch,5,50,306,0.0013986998237669468,0.02117244722205214,0.9946875,,,,,,,,,,
batch,5,51,307,0.0010475812014192343,0.020777842005961302,0.9947916666666666,,,,,,,,,,
batch,5,52,308,0.0006795681547373533,0.02039133673959161,0.9948918269230769,,,,,,,,,,
batch,5,53,309,0.03598553314805031,0.020685566860505926,0.9946933962264151,,,,,,,,,,
batch,5,54,310,0.0015271318843588233,0.020330781027614313,0.9947916666666666,,,,,,,,,,
batch,5,55,311,0.0043631563894450665,0.020040460579647597,0.9948863636363636,,,,,,,,,,
batch,5,56,312,0.055288154631853104,0.020669883687722695,0.9946986607142857,,,,,,,,,,
batch,5,57,313,0.0018718939973041415,0.020340094394908335,0.9947916666666666,,,,,,,,,,
batch,5,58,314,0.06137900426983833,0.02104766180654506,0.9946120689655172,,,,,,,,,,
batch,5,59,315,0.0006637468468397856,0.02070217172248226,0.9947033898305084,,,,,,,,,,
batch,5,60,316,0.0039605689235031605,0.02042314500916594,0.9947916666666666,,,,,,,,,,
batch,5,61,317,0.008317041210830212,0.020224684291160436,0.9948770491803278,,,,,,,,,,
batch,5,62,318,0.018647264689207077,0.02019924203951603,0.9947076612903226,,,,,,,,,,
batch,5,63,319,0.001330093713477254,0.019899731748626522,0.9947916666666666,,,,,,,,,,
batch,5,64,320,0.019605429843068123,0.01989951293680083,0.9947955390334573,,,,,,,,,,
epoch,5,,320,,,,0.01989951293680083,0.9947955390334573,0.007173387519522936,0.9970149253731343,1.0,1.0,0.9916666666666667,1.0,1.0,0.98
batch,6,1,321,0.008395854383707047,0.008395854383707047,1.0,,,,,,,,,,
batch,6,2,322,0.016245251521468163,0.012320552952587605,0.9921875,,,,,,,,,,
batch,6,3,323,0.001228017034009099,0.008623040979728103,0.9947916666666666,,,,,,,,,,
batch,6,4,324,0.005225304048508406,0.0077736067469231784,0.99609375,,,,,,,,,,
batch,6,5,325,0.0008379016653634608,0.006386465730611235,0.996875,,,,,,,,,,
batch,6,6,326,0.0002817192580550909,0.005369007985185211,0.9973958333333334,,,,,,,,,,
batch,6,7,327,0.000955823459662497,0.00473855305296768,0.9977678571428571,,,,,,,,,,
batch,6,8,328,0.0020703193731606007,0.004405023842991795,0.998046875,,,,,,,,,,
batch,6,9,329,0.0011091367341578007,0.004038814164232463,0.9982638888888888,,,,,,,,,,
batch,6,10,330,0.0069297743029892445,0.004327910178108141,0.9984375,,,,,,,,,,
batch,6,11,331,0.0012319772504270077,0.004046461730137129,0.9985795454545454,,,,,,,,,,
batch,6,12,332,0.0032840620260685682,0.003982928421464749,0.9986979166666666,,,,,,,,,,
batch,6,13,333,0.05162167549133301,0.0076474474268392306,0.9975961538461539,,,,,,,,,,
batch,6,14,334,0.007668567355722189,0.0076489559931880126,0.9977678571428571,,,,,,,,,,
batch,6,15,335,0.00530992029234767,0.007493020279798657,0.9979166666666667,,,,,,,,,,
batch,6,16,336,0.002845392096787691,0.007202543518360471,0.998046875,,,,,,,,,,
batch,6,17,337,0.007946186698973179,0.007246287234867101,0.9981617647058824,,,,,,,,,,
batch,6,18,338,0.00381678668782115,0.007055759426697882,0.9982638888888888,,,,,,,,,,
batch,6,19,339,0.003671796526759863,0.006877656116174828,0.9983552631578947,,,,,,,,,,
batch,6,20,340,0.002207031473517418,0.006644124884041957,0.9984375,,,,,,,,,,
batch,6,21,341,0.002260413719341159,0.00643537673334192,0.9985119047619048,,,,,,,,,,
batch,6,22,342,0.0015558742452412844,0.006213581165700982,0.9985795454545454,,,,,,,,,,
batch,6,23,343,0.0014166845940053463,0.006005020445192476,0.998641304347826,,,,,,,,,,
batch,6,24,344,0.0010194932110607624,0.005797290143770321,0.9986979166666666,,,,,,,,,,
batch,6,25,345,0.010287138633430004,0.005976884083356709,0.99875,,,,,,,,,,
batch,6,26,346,0.024199241772294044,0.006677743994469683,0.9981971153846154,,,,,,,,,,
batch,6,27,347,0.025579409673810005,0.007377805686297102,0.9976851851851852,,,,,,,,,,
batch,6,28,348,0.0023820505011826754,0.007199385858257301,0.9977678571428571,,,,,,,,,,
batch,6,29,349,0.0005506486631929874,0.0069701190584274975,0.9978448275862069,,,,,,,,,,
batch,6,30,350,0.024684585630893707,0.007560601277509705,0.9973958333333334,,,,,,,,,,
batch,6,31,351,0.005016632378101349,0.007478537764625564,0.9974798387096774,,,,,,,,,,
batch,6,32,352,0.002028550487011671,0.00730822566220013,0.99755859375,,,,,,,,,,
batch,6,33,353,0.0023335537407547235,0.007157478028216936,0.9976325757575758,,,,,,,,,,
batch,6,34,354,0.0005201351596042514,0.006962262061493033,0.9977022058823529,,,,,,,,,,
batch,6,35,355,0.00046631856821477413,0.006776663675970797,0.9977678571428571,,,,,,,,,,
batch,6,36,356,0.0004983863327652216,0.006602267083103975,0.9978298611111112,,,,,,,,,,
batch,6,37,357,0.000655778159853071,0.006441551166259356,0.9978885135135135,,,,,,,,,,
batch,6,38,358,0.03477856516838074,0.007187262061052024,0.9975328947368421,,,,,,,,,,
batch,6,39,359,0.009323867969214916,0.007242046827927996,0.9975961538461539,,,,,,,,,,
batch,6,40,360,0.017573021352291107,0.007500321191037074,0.99765625,,,,,,,,,,
batch,6,41,361,0.009201259352266788,0.0075418074876524325,0.9977134146341463,,,,,,,,,,
batch,6,42,362,0.001098110806196928,0.007388386138093968,0.9977678571428571,,,,,,,,,,
batch,6,43,363,0.006550973281264305,0.007368911420493279,0.9978197674418605,,,,,,,,,,
batch,6,44,364,0.0003556252340786159,0.007209518552620218,0.9978693181818182,,,,,,,,,,
batch,6,45,365,0.018304629251360893,0.007456076568147788,0.9975694444444444,,,,,,,,,,
batch,6,46,366,0.0008275331929326057,0.007311977799121371,0.9976222826086957,,,,,,,,,,
batch,6,47,367,0.0008844867115840316,0.007175222669599301,0.9976728723404256,,,,,,,,,,
batch,6,48,368,0.0005939049879088998,0.007038111884564084,0.9977213541666666,,,,,,,,,,
batch,6,49,369,0.00022205576533451676,0.006899008698457358,0.9977678571428571,,,,,,,,,,
batch,6,50,370,0.0005573618691414595,0.00677217576187104,0.9978125,,,,,,,,,,
batch,6,51,371,0.000556127808522433,0.006650292468668126,0.9978553921568627,,,,,,,,,,
batch,6,52,372,0.0018749446608126163,0.006558458856978597,0.9978966346153846,,,,,,,,,,
batch,6,53,373,0.010834326036274433,0.006639135596210594,0.9979363207547169,,,,,,,,,,
batch,6,54,374,0.0004553179896902293,0.006524620455349106,0.9979745370370371,,,,,,,,,,
batch,6,55,375,0.001484405598603189,0.006432980185226453,0.9980113636363637,,,,,,,,,,
batch,6,56,376,0.0008297929889522493,0.00633292327100727,0.998046875,,,,,,,,,,
batch,6,57,377,0.014857503585517406,0.006482477311612712,0.9980811403508771,,,,,,,,,,
batch,6,58,378,0.0005340105853974819,0.0063799175404710695,0.998114224137931,,,,,,,,,,
batch,6,59,379,0.0013861084589734674,0.006295276708581279,0.998146186440678,,,,,,,,,,
batch,6,60,380,0.0003567406674847007,0.006196301107896336,0.9981770833333333,,,,,,,,,,
batch,6,61,381,0.002010767813771963,0.006127685807992659,0.9982069672131147,,,,,,,,,,
batch,6,62,382,0.0011891513131558895,0.006048032025817872,0.9982358870967742,,,,,,,,,,
batch,6,63,383,0.05375608056783676,0.006805302637595949,0.998015873015873,,,,,,,,,,
batch,6,64,384,0.0014406661503016949,0.006801314060281976,0.9980173482032219,,,,,,,,,,
epoch,6,,384,,,,0.006801314060281976,0.9980173482032219,0.008705319665906376,0.9980099502487563,1.0,0.9900990099009901,1.0,1.0,1.0,0.99
batch,7,1,385,0.000525541661772877,0.000525541661772877,1.0,,,,,,,,,,
batch,7,2,386,0.0014675280544906855,0.0009965348581317812,1.0,,,,,,,,,,
batch,7,3,387,0.0004533978644758463,0.0008154891935798029,1.0,,,,,,,,,,
batch,7,4,388,0.00046596897300332785,0.0007281091384356841,1.0,,,,,,,,,,
batch,7,5,389,0.0015267031267285347,0.0008878279360942543,1.0,,,,,,,,,,
batch,7,6,390,0.012031519785523415,0.002745109910999114,1.0,,,,,,,,,,
batch,7,7,391,0.00042841568938456476,0.002414153593625607,1.0,,,,,,,,,,
batch,7,8,392,0.0003133979334961623,0.0021515591361094266,1.0,,,,,,,,,,
batch,7,9,393,0.0003709281445480883,0.0019537112481581667,1.0,,,,,,,,,,
batch,7,10,394,0.0011941447155550122,0.0018777545948978514,1.0,,,,,,,,,,
batch,7,11,395,0.0008519208058714867,0.0017844969777136364,1.0,,,,,,,,,,
batch,7,12,396,0.005010439082980156,0.0020533254864858463,1.0,,,,,,,,,,
batch,7,13,397,0.0002060305414488539,0.0019112258753291545,1.0,,,,,,,,,,
batch,7,14,398,0.0012057306012138724,0.0018608333557494916,1.0,,,,,,,,,,
batch,7,15,399,0.014861084520816803,0.002727516766753979,1.0,,,,,,,,,,
batch,7,16,400,0.002972737653180957,0.002742843072155665,1.0,,,,,,,,,,
batch,7,17,401,0.0002899456594604999,0.0025985549890559494,1.0,,,,,,,,,,
batch,7,18,402,0.00031830405350774527,0.0024718743815254937,1.0,,,,,,,,,,
batch,7,19,403,0.0021193348802626133,0.0024533196709327107,1.0,,,,,,,,,,
batch,7,20,404,0.0005068734753876925,0.0023559973611554596,1.0,,,,,,,,,,
batch,7,21,405,0.0003425805480219424,0.0022601203700538634,1.0,,,,,,,,,,
batch,7,22,406,0.0004403770435601473,0.002177404764304149,1.0,,,,,,,,,,
batch,7,23,407,0.001118201413191855,0.0021313524446905712,1.0,,,,,,,,,,
batch,7,24,408,0.0039693196304142475,0.002207934410762391,1.0,,,,,,,,,,
batch,7,25,409,0.004408248234540224,0.0022959469637135045,1.0,,,,,,,,,,
batch,7,26,410,0.0007042242796160281,0.002234726860478986,1.0,,,,,,,,,,
batch,7,27,411,0.0005779567873105407,0.0021733650059171917,1.0,,,,,,,,,,
batch,7,28,412,0.0010079743806272745,0.0021317439121568377,1.0,,,,,,,,,,
batch,7,29,413,0.00023075328499544412,0.0020661925112202377,1.0,,,,,,,,,,
batch,7,30,414,0.00031216771458275616,0.0020077250179989883,1.0,,,,,,,,,,
batch,7,31,415,0.0009120455943048,0.001972380520460466,1.0,,,,,,,,,,
batch,7,32,416,0.0009050853550434113,0.0019390275465411833,1.0,,,,,,,,,,
batch,7,33,417,0.002441390184685588,0.001954250656787983,1.0,,,,,,,,,,
batch,7,34,418,0.0003410938079468906,0.0019068048671161866,1.0,,,,,,,,,,
batch,7,35,419,0.002898861886933446,0.0019351493533966797,1.0,,,,,,,,,,
batch,7,36,420,0.00028628355357795954,0.0018893475256239374,1.0,,,,,,,,,,
batch,7,37,421,0.00015959817392285913,0.00184259754314553,1.0,,,,,,,,,,
batch,7,38,422,0.00865994580090046,0.0020220014446653964,1.0,,,,,,,,,,
batch,7,39,423,0.009345754981040955,0.0022097899968801546,1.0,,,,,,,,,,
batch,7,40,424,0.0003171352727804333,0.0021624736287776613,1.0,,,,,,,,,,
batch,7,41,425,0.0012720006052404642,0.002140754774545047,1.0,,,,,,,,,,
batch,7,42,426,0.03723737969994545,0.0029763887013402944,0.9996279761904762,,,,,,,,,,
batch,7,43,427,0.000817339401692152,0.0029261782525112677,0.9996366279069767,,,,,,,,,,
batch,7,44,428,0.00024156735162250698,0.0028651643684001597,0.9996448863636364,,,,,,,,,,
batch,7,45,429,0.004943863023072481,0.0029113576718373226,0.9996527777777777,,,,,,,,,,
batch,7,46,430,0.0014687811490148306,0.0028799973126455293,0.9996603260869565,,,,,,,,,,
batch,7,47,431,0.0006048678769730031,0.002831590303375901,0.9996675531914894,,,,,,,,,,
batch,7,48,432,0.0009454090613871813,0.002792294860834469,0.9996744791666666,,,,,,,,,,
batch,7,49,433,0.00020996076636947691,0.0027395941650290613,0.9996811224489796,,,,,,,,,,
batch,7,50,434,0.003407613141462207,0.002752954544557724,0.9996875,,,,,,,,,,
batch,7,51,435,0.0010254454100504518,0.0027190818164301305,0.9996936274509803,,,,,,,,,,
batch,7,52,436,0.0006124343490228057,0.002678569365133836,0.9996995192307693,,,,,,,,,,
batch,7,53,437,0.0004375773132778704,0.002636286496230893,0.9997051886792453,,,,,,,,,,
batch,7,54,438,0.000949456007219851,0.0026050488945825404,0.9997106481481481,,,,,,,,,,
batch,7,55,439,0.00021317365462891757,0.002561560253856111,0.9997159090909091,,,,,,,,,,
batch,7,56,440,0.0015759395901113749,0.0025439598848606693,0.9997209821428571,,,,,,,,,,
batch,7,57,441,0.0009777770610526204,0.002516482993214914,0.9997258771929824,,,,,,,,,,
batch,7,58,442,0.00023687681823503226,0.0024771794384738817,0.9997306034482759,,,,,,,,,,
batch,7,59,443,0.0014123492874205112,0.00245913146981196,0.9997351694915254,,,,,,,,,,
batch,7,60,444,0.0009585070074535906,0.002434121062105987,0.9997395833333333,,,,,,,,,,
batch,7,61,445,0.010868058539927006,0.0025723823322342004,0.9997438524590164,,,,,,,,,,
batch,7,62,446,0.00037375360261648893,0.0025369205785306893,0.9997479838709677,,,,,,,,,,
batch,7,63,447,0.0010217945091426373,0.0025128709583816726,0.9997519841269841,,,,,,,,,,
batch,7,64,448,0.15168160200119019,0.0026237770781161024,0.9997521685254027,,,,,,,,,,
epoch,7,,448,,,,0.0026237770781161024,0.9997521685254027,0.006918874281210667,0.9970149253731343,1.0,0.9900990099009901,0.9916666666666667,1.0,0.9964028776978417,1.0
